{
  "3_1_regularization": {
    "No reg": {
      "final_train": 1.0,
      "final_test": 0.9833333333333333,
      "gap": 0.01666666666666672
    },
    "Dropout 0.1": {
      "final_train": 0.9951287404314544,
      "final_test": 0.9888888888888889,
      "gap": 0.0062398515425654555
    },
    "Dropout 0.3": {
      "final_train": 0.9909533750869868,
      "final_test": 0.9861111111111112,
      "gap": 0.004842263975875616
    },
    "Dropout 0.5": {
      "final_train": 0.9798190675017397,
      "final_test": 0.9833333333333333,
      "gap": -0.0035142658315935327
    },
    "BatchNorm": {
      "final_train": 1.0,
      "final_test": 0.9888888888888889,
      "gap": 0.011111111111111072
    },
    "Drop.3+BN": {
      "final_train": 0.9937369519832986,
      "final_test": 0.9916666666666667,
      "gap": 0.0020702853166318924
    },
    "L2 1e-4": {
      "final_train": 1.0,
      "final_test": 0.975,
      "gap": 0.025000000000000022
    },
    "L2 1e-3": {
      "final_train": 1.0,
      "final_test": 0.9805555555555555,
      "gap": 0.019444444444444486
    }
  },
  "3_2_adaptive_dropout": {
    "No dropout": {
      "final_train": 1.0,
      "final_test": 0.9777777777777777,
      "gap": 0.022222222222222254
    },
    "Constant 0.3": {
      "final_train": 0.9909533750869868,
      "final_test": 0.9861111111111112,
      "gap": 0.004842263975875616
    },
    "High -> Low (0.5->0.1)": {
      "final_train": 0.9993041057759221,
      "final_test": 0.9833333333333333,
      "gap": 0.01597077244258882
    },
    "Low -> High (0.1->0.5)": {
      "final_train": 0.9756437021572721,
      "final_test": 0.9805555555555555,
      "gap": -0.004911853398283372
    }
  }
}