{
  "2_1_width_comparison": {
    "Narrow [64,32,16]": {
      "final_test": 0.9527777777777777,
      "n_params": 6938,
      "train_time": 2.1784141063690186
    },
    "Medium [256,128,64]": {
      "final_test": 0.9805555555555555,
      "n_params": 58442,
      "train_time": 1.851186752319336
    },
    "Wide [1024,512,256]": {
      "final_test": 0.9833333333333333,
      "n_params": 725258,
      "train_time": 8.408635377883911
    },
    "Very wide [2048,1024,512]": {
      "final_test": 0.9861111111111112,
      "n_params": 2761226,
      "train_time": 36.61550426483154
    }
  },
  "2_2_grid_search": {
    "d1_w64": {
      "test_acc": 0.9722222222222222,
      "n_params": 4810
    },
    "d1_w256": {
      "test_acc": 0.9833333333333333,
      "n_params": 19210
    },
    "d1_w512": {
      "test_acc": 0.9805555555555555,
      "n_params": 38410
    },
    "d2_w64": {
      "test_acc": 0.975,
      "n_params": 8970
    },
    "d2_w256": {
      "test_acc": 0.9861111111111112,
      "n_params": 85002
    },
    "d2_w512": {
      "test_acc": 0.9805555555555555,
      "n_params": 301066
    },
    "d3_w64": {
      "test_acc": 0.9666666666666667,
      "n_params": 13130
    },
    "d3_w256": {
      "test_acc": 0.9805555555555555,
      "n_params": 150794
    },
    "d3_w512": {
      "test_acc": 0.9805555555555555,
      "n_params": 563722
    }
  }
}